waiting for 5 second sample...
#Date,Time,[CPU]User%,[CPU]Nice%,[CPU]Sys%,[CPU]Wait%,[CPU]Irq%,[CPU]Soft%,[CPU]Steal%,[CPU]Idle%,[CPU]Totl%,[CPU]Guest%,[CPU]GuestN%,[CPU]Intrpt/sec,[CPU]Ctx/sec,[CPU]Proc/sec,[CPU]ProcQue,[CPU]ProcRun,[CPU]L-Avg1,[CPU]L-Avg5,[CPU]L-Avg15,[CPU]RunTot,[CPU]BlkTot,[MEM]Tot,[MEM]Used,[MEM]Free,[MEM]Shared,[MEM]Buf,[MEM]Cached,[MEM]Slab,[MEM]Map,[MEM]Anon,[MEM]AnonH,[MEM]Commit,[MEM]Locked,[MEM]SwapTot,[MEM]SwapUsed,[MEM]SwapFree,[MEM]SwapIn,[MEM]SwapOut,[MEM]Dirty,[MEM]Clean,[MEM]Laundry,[MEM]Inactive,[MEM]PageIn,[MEM]PageOut,[MEM]PageFaults,[MEM]PageMajFaults,[MEM]HugeTotal,[MEM]HugeFree,[MEM]HugeRsvd,[MEM]SUnreclaim,[NET]RxPktTot,[NET]TxPktTot,[NET]RxKBTot,[NET]TxKBTot,[NET]RxCmpTot,[NET]RxMltTot,[NET]TxCmpTot,[NET]RxErrsTot,[NET]TxErrsTot
20210602,16:15:51,4,0,2,0,0,0,0,93,7,0,0,4071,9834,15,699,0,0.24,0.84,1.13,0,0,8077036,5175404,2901632,0,197436,3262380,391464,397700,1251564,8192,7054376,18656,0,0,0,0,0,972,0,0,2151872,0,82,4192,0,0,0,0,163256,158,153,46,23,0,1,0,0,0
20210602,16:15:56,5,0,3,0,0,0,0,91,8,0,0,4350,11847,34,699,0,0.22,0.82,1.12,0,0,8077036,5174460,2902576,0,197436,3262384,391408,397700,1251580,8192,7054236,18656,0,0,0,0,0,840,0,0,2151876,0,80,11845,0,0,0,0,163200,114,116,16,14,0,0,0,0,0
20210602,16:16:01,4,0,2,0,0,1,0,93,6,0,0,3984,9651,14,699,0,0.20,0.81,1.12,0,0,8077036,5175056,2901980,0,197436,3262460,391412,397700,1251596,8192,7054428,18656,0,0,0,0,0,528,0,0,2151952,0,190,4033,0,0,0,0,163204,143,131,46,18,0,1,0,0,0
20210602,16:16:06,5,0,3,0,0,0,0,91,9,0,0,4386,12206,34,699,0,0.19,0.80,1.11,0,0,8077036,5175120,2901916,0,197436,3262472,391360,397700,1251604,8192,7054492,18656,0,0,0,0,0,532,0,0,2151964,0,53,11726,0,0,0,0,163148,109,112,16,15,0,0,0,0,0
20210602,16:16:11,5,0,2,0,0,0,0,92,7,0,0,4213,10210,15,699,0,0.17,0.78,1.10,0,0,8077036,5175372,2901664,0,197436,3262496,391356,397700,1251604,8192,7054492,18656,0,0,0,0,0,664,0,0,2151988,0,90,3902,0,0,0,0,163140,152,147,45,23,0,1,0,0,0
20210602,16:16:16,5,0,3,0,0,0,0,92,8,0,0,4297,12132,42,699,0,0.16,0.77,1.10,0,0,8077036,5175908,2901128,0,197436,3262500,391256,397700,1251604,8192,7053980,18656,0,0,0,0,0,676,0,0,2151992,0,41,12590,0,0,0,0,163040,105,105,16,12,0,0,0,0,0
20210602,16:16:21,4,0,2,0,0,0,0,93,6,0,0,4021,9845,15,699,0,0.14,0.76,1.09,0,0,8077036,5172372,2904664,0,197436,3262536,391248,397704,1249472,8192,7054236,18656,0,0,0,0,0,324,0,0,2152024,0,174,3880,0,0,0,0,163032,145,140,44,19,0,1,0,0,0
20210602,16:16:26,4,0,3,0,0,0,0,92,8,0,0,4279,11725,33,699,0,0.13,0.74,1.08,0,0,8077036,5171420,2905616,0,197436,3262544,391208,397704,1249556,8192,7052060,18656,0,0,0,0,0,324,0,0,2152036,0,52,11672,0,0,0,0,162992,117,121,17,16,0,0,0,0,0
20210602,16:16:31,4,0,2,1,0,0,0,93,6,0,0,3942,9751,16,699,0,0.12,0.73,1.08,0,0,8077036,5173092,2903944,0,197436,3262588,391204,397704,1251180,8192,7051868,18656,0,0,0,0,0,244,0,0,2152080,0,239,4311,0,0,0,0,162988,144,135,48,18,0,1,0,0,0
20210602,16:16:36,5,0,3,0,0,0,0,91,9,0,0,4347,11864,37,699,8,0.11,0.72,1.07,7,0,8077036,5175172,2901864,0,197436,3262596,391208,397704,1251180,8192,7052188,18656,0,0,0,0,0,252,0,0,2152088,0,72,12034,0,0,0,0,162992,116,121,17,14,0,0,0,0,0
20210602,16:16:41,14,0,3,2,0,1,0,80,18,0,0,5162,10803,14,699,0,0.26,0.74,1.08,0,0,8077036,5181140,2895896,0,197436,3269064,391300,398000,1251192,8192,7052444,18656,0,0,0,0,0,6148,0,0,2158172,0,1118,20602,0,0,0,0,162988,2234,1560,2487,1353,0,1,0,0,0
20210602,16:16:46,22,0,5,3,0,2,0,68,29,0,0,5935,13070,43,697,0,0.24,0.73,1.07,0,0,8077036,5196640,2880396,0,197436,3281632,391456,398044,1251648,8192,7068200,18656,0,0,0,0,0,7096,0,0,2170732,0,1927,42719,0,0,0,0,163056,3522,3125,3114,3408,0,0,0,0,0
20210602,16:16:51,33,0,5,4,0,2,0,56,40,0,0,5991,11754,18,704,1,1.50,0.98,1.15,1,0,8077036,5219064,2857972,0,197436,3286676,392368,398076,1266540,8192,7131876,18656,0,0,0,0,0,12024,0,0,2170092,0,2564,48628,0,0,0,0,163908,2632,2874,1776,2917,0,1,0,0,0
20210602,16:16:56,37,0,5,4,0,2,0,51,45,0,0,6808,12952,38,713,2,1.54,1.00,1.16,2,2,8077036,5336128,2740908,0,197436,3290812,393736,398080,1378852,8192,7311388,18656,0,0,0,0,0,16192,0,0,2174228,0,2810,69067,0,0,0,0,165228,3875,3776,3193,3319,0,0,0,0,0
20210602,16:17:01,31,0,4,5,0,4,0,57,38,0,0,7206,12288,17,719,3,2.14,1.13,1.20,2,2,8077036,5299856,2777180,0,197436,3298852,394960,398080,1332280,8192,7313164,18656,0,0,0,0,0,5104,0,0,2182268,0,3897,42511,0,0,0,0,166416,5347,6703,4299,7389,0,1,0,0,0
20210602,16:17:06,36,0,7,5,0,2,0,49,46,0,0,8682,14934,51,719,1,2.05,1.13,1.20,3,0,8077036,5297540,2779496,0,197436,3299292,394372,396004,1326016,8192,7269368,18656,0,0,0,0,0,5160,0,0,2183264,0,3101,66163,0,0,0,0,165844,7118,8227,6058,9249,0,0,0,0,0
20210602,16:17:11,39,0,7,6,0,3,0,45,49,0,0,9240,12812,20,721,1,3.17,1.38,1.28,1,0,8077036,5343172,2733864,0,197436,3311204,394296,378132,1359304,8192,7335524,18656,0,0,0,0,0,15520,0,0,2191192,0,5158,60059,0,0,0,0,165748,10263,9923,9127,10192,0,1,0,0,0
20210602,16:17:16,42,0,9,6,0,3,0,41,54,0,0,10995,18870,62,711,8,3.07,1.39,1.28,8,1,8077036,5353424,2723612,0,197436,3305296,388636,374428,1382232,8192,6972276,18656,0,0,0,0,0,12796,0,0,2207308,0,5922,71548,0,0,0,0,161860,9445,10555,7129,12020,0,0,0,0,0
20210602,16:17:21,37,0,6,9,0,2,0,47,45,0,0,10204,16109,18,718,1,4.03,1.61,1.36,3,1,8077036,5392920,2684116,0,197436,3315272,389968,374440,1411652,8192,7068388,18656,0,0,0,0,0,22316,0,0,2216048,0,5723,50904,0,0,0,0,163208,9642,9785,8441,9994,0,1,0,0,0
20210602,16:17:26,37,0,7,9,0,4,0,43,48,0,0,11866,16687,35,719,4,3.87,1.62,1.36,4,1,8077036,5463496,2613540,0,197436,3334340,390436,374444,1460340,8192,7169112,18656,0,0,0,0,0,40928,0,0,2235116,0,5733,61981,0,0,0,0,163456,14407,13254,14379,13975,0,0,0,0,0
20210602,16:17:31,22,0,4,8,0,4,0,63,30,0,0,11410,13657,19,723,0,3.64,1.61,1.36,0,0,8077036,5412720,2664316,0,197436,3349888,391316,374444,1391332,8192,7086752,18656,0,0,0,0,0,2328,0,0,2250632,0,5358,32468,0,0,0,0,164428,15026,19308,12384,23186,0,1,0,0,0
20210602,16:17:36,19,0,8,9,0,3,0,62,30,0,0,11535,23875,96,759,1,3.50,1.62,1.36,1,0,8077036,5429820,2647216,0,197440,3365848,395860,378220,1385300,8192,7477012,18656,0,0,0,0,0,10328,0,0,2263204,503,6754,42518,4,0,0,0,167984,7551,7438,7067,7936,0,0,0,0,0
20210602,16:17:41,35,0,6,11,0,5,0,43,46,0,0,12454,15721,20,753,1,3.62,1.67,1.38,1,0,8077036,5494824,2582212,0,197440,3392196,397324,378224,1423040,8192,7562992,18656,0,0,0,0,0,42064,0,0,2289440,0,7622,35621,0,0,0,0,169300,18992,16011,19592,16230,0,1,0,0,0
20210602,16:17:46,18,0,6,8,0,4,0,64,28,0,0,11186,17921,45,751,2,3.49,1.68,1.39,1,2,8077036,5532384,2544652,0,197440,3418484,397492,388800,1434348,8192,7550356,18656,0,0,0,0,0,1256,0,0,2305392,0,4562,26980,0,0,0,0,169348,12844,11150,12759,11256,0,0,0,0,0
20210602,16:17:51,17,0,5,7,0,4,0,67,25,0,0,11984,16048,42,779,0,3.37,1.68,1.39,0,0,8077036,5611548,2465488,0,197440,3436232,403976,394060,1483376,8192,7852844,18656,0,0,0,0,0,13608,0,0,2318076,0,5311,25226,0,0,0,0,175588,15412,20950,11722,26554,0,1,0,0,0
20210602,16:17:56,10,0,5,10,0,4,0,70,19,0,0,12084,17933,46,770,0,3.26,1.69,1.39,1,0,8077036,5641804,2435232,0,197440,3438184,402712,394060,1513644,8192,7769836,18656,0,0,0,0,0,20500,0,0,2320028,0,6061,20723,0,0,0,0,173868,16375,16269,16631,17074,0,0,0,0,0
20210602,16:18:01,10,0,4,9,0,3,0,74,17,0,0,10763,14200,15,759,0,3.00,1.66,1.38,0,0,8077036,5611856,2465180,0,197440,3449664,401752,394080,1475160,8192,7639504,18656,0,0,0,0,0,31684,0,0,2331524,0,5542,7625,0,0,0,0,172440,16437,15743,17118,16907,0,1,0,0,0
20210602,16:18:06,9,0,5,8,0,3,0,75,16,0,0,9252,15981,34,752,0,2.76,1.63,1.38,0,1,8077036,5573428,2503608,0,197440,3450540,400436,393828,1439372,8192,7536544,18656,0,0,0,0,0,36552,0,0,2336664,0,5458,13876,0,0,0,0,171116,9439,9239,9174,9144,0,0,0,0,0
20210602,16:18:11,9,0,4,9,0,4,0,75,16,0,0,10894,14319,15,745,0,2.54,1.61,1.37,0,0,8077036,5550536,2526500,0,197440,3465220,399160,393832,1406228,8192,7451764,18656,0,0,0,0,0,15984,0,0,2351284,0,5966,6010,0,0,0,0,169908,17191,19897,16079,22816,0,1,0,0,0
20210602,16:18:16,9,0,5,9,0,4,0,72,18,0,0,11064,16095,36,741,0,2.50,1.61,1.37,0,1,8077036,5536680,2540356,0,197440,3474956,398552,393820,1384896,8192,7403380,18656,0,0,0,0,0,26008,0,0,2361008,0,5598,13468,0,0,0,0,169452,16718,15429,17413,16079,0,0,0,0,0
20210602,16:18:21,9,0,4,11,0,4,0,72,17,0,0,11547,15213,14,741,1,2.62,1.65,1.39,1,0,8077036,5557664,2519372,0,197440,3492352,398932,393824,1389308,8192,7416748,18656,0,0,0,0,0,48088,0,0,2378400,0,6365,4767,0,0,0,0,169552,18388,15500,20289,16473,0,1,0,0,0
20210602,16:18:26,11,0,4,10,0,5,0,69,21,0,0,13926,17290,43,741,3,2.73,1.69,1.40,0,1,8077036,5590080,2486956,0,197440,3518900,399376,393824,1394116,8192,7416484,18656,0,0,0,0,0,26880,0,0,2401084,0,5940,13666,0,0,0,0,169568,25114,28431,23369,33335,0,0,0,0,0
20210602,16:18:31,8,0,4,9,0,4,0,75,16,0,0,9285,13867,17,741,0,2.75,1.71,1.41,0,0,8077036,5590176,2486860,0,197440,3514252,399176,393828,1398952,8192,7421836,18656,0,0,0,0,0,34844,0,0,2396428,0,6086,4787,0,0,0,0,169648,12209,11349,12263,12186,0,1,0,0,0
20210602,16:18:36,11,0,5,13,0,4,0,68,19,0,0,11773,17340,34,741,1,2.77,1.74,1.42,1,1,8077036,5622544,2454492,0,197440,3529148,399520,393832,1414496,8192,7440848,18656,0,0,0,0,0,52032,0,0,2411244,0,7920,12438,0,0,0,0,169916,15247,13005,16910,13829,0,0,0,0,0
20210602,16:18:41,10,0,4,10,0,4,0,71,18,0,0,11784,14988,15,741,5,2.63,1.72,1.42,0,1,8077036,5631580,2445456,0,197440,3525172,399736,393832,1427028,8192,7459068,18656,0,0,0,0,0,6612,0,0,2407408,0,6590,4758,0,0,0,0,170024,17735,22099,15593,26057,0,1,0,0,0
20210602,16:18:46,9,0,4,8,0,3,0,76,16,0,0,9307,15402,34,741,1,2.50,1.71,1.41,1,1,8077036,5644020,2433016,0,197440,3533196,399800,393832,1431824,8192,7454976,18656,0,0,0,0,0,18268,0,0,2415412,0,6398,12035,0,0,0,0,170108,11040,9914,11458,10287,0,0,0,0,0
20210602,16:18:51,9,0,4,8,0,3,0,77,16,0,0,9690,13516,15,741,1,2.46,1.72,1.42,1,1,8077036,5647436,2429600,0,197440,3530256,400044,393832,1436896,8192,7454916,18656,0,0,0,0,0,28548,0,0,2412500,0,4819,4296,0,0,0,0,170256,13677,13567,13534,14484,0,1,0,0,0
20210602,16:18:56,9,0,4,7,0,3,0,77,16,0,0,9379,16236,42,741,2,2.50,1.74,1.43,1,1,8077036,5647960,2429076,0,197440,3531088,400060,393836,1437284,8192,7452916,18656,0,0,0,0,0,35664,0,0,2413332,0,5094,12671,0,0,0,0,170288,9932,10009,9230,10333,0,0,0,0,0
20210602,16:19:01,11,0,3,7,0,4,0,75,18,0,0,10724,13513,14,741,0,2.46,1.74,1.43,0,1,8077036,5655424,2421612,0,197440,3537956,400020,393840,1437556,8192,7454992,18656,0,0,0,0,0,6912,0,0,2420156,0,4533,7238,0,0,0,0,170164,17886,21209,15919,24557,0,1,0,0,0
20210602,16:19:06,7,0,4,5,0,2,0,83,13,0,0,7329,13910,34,737,0,2.58,1.78,1.44,2,0,8077036,5613944,2463092,0,197440,3536576,398960,393776,1397440,8192,7369688,18656,0,0,0,0,0,13088,0,0,2418816,0,3810,12846,0,0,0,0,169180,6036,5401,6279,5592,0,0,0,0,0
20210602,16:19:11,11,0,4,10,0,4,0,71,19,0,0,10629,14610,16,739,0,2.70,1.82,1.46,0,0,8077036,5642528,2434508,0,197440,3561108,399128,393776,1406684,8192,7406432,18656,0,0,0,0,0,37040,0,0,2443368,0,6417,4812,0,0,0,0,169344,19644,17552,20183,18319,0,1,0,0,0
20210602,16:19:16,9,0,4,8,0,4,0,74,18,0,0,11110,16046,33,739,0,2.96,1.89,1.48,0,0,8077036,5663396,2413640,0,197440,3569668,399276,393784,1416544,8192,7419148,18656,0,0,0,0,0,44180,0,0,2451932,0,5668,12776,0,0,0,0,169380,17176,17140,17128,18277,0,1,0,0,0
20210602,16:19:21,9,0,3,9,0,4,0,75,16,0,0,10630,14751,14,739,1,2.72,1.85,1.47,1,1,8077036,5672140,2404896,0,197444,3577340,399528,393784,1417324,8192,7413820,18656,0,0,0,0,0,972,0,0,2459744,0,5955,4081,0,0,0,0,169420,14622,19134,12883,22946,0,1,0,0,0
20210602,16:19:26,10,0,5,11,0,3,0,71,19,0,0,9544,16844,43,739,2,2.67,1.86,1.48,3,1,8077036,5679124,2397912,0,197444,3583936,399432,393784,1417552,8192,7414932,18656,0,0,0,0,0,14132,0,0,2466336,0,6255,12821,0,0,0,0,169376,9923,8546,9917,8064,0,0,0,0,0
20210602,16:19:31,9,0,4,11,0,3,0,73,16,0,0,10720,15011,17,739,0,2.53,1.84,1.47,0,0,8077036,5683264,2393772,0,197444,3587548,399380,393788,1417668,8192,7417904,18656,0,0,0,0,0,26808,0,0,2469888,0,5534,4320,0,0,0,0,169340,12887,12353,13538,13488,0,1,0,0,0
20210602,16:19:36,9,0,4,8,0,3,0,76,16,0,0,9029,15672,34,739,2,2.57,1.86,1.48,3,1,8077036,5682536,2394500,0,197444,3585564,399508,393792,1418064,8192,7417464,18656,0,0,0,0,0,30972,0,0,2467880,0,6398,11979,0,0,0,0,169388,8675,8979,8147,9413,0,0,0,0,0
20210602,16:19:41,8,0,4,11,0,3,0,74,16,0,0,10358,14783,14,739,0,2.77,1.91,1.50,0,0,8077036,5680360,2396676,0,197444,3585304,399684,393792,1416084,8192,7412512,18656,0,0,0,0,0,1392,0,0,2467608,0,6438,3980,0,0,0,0,169520,12806,14901,11237,16283,0,1,0,0,0
20210602,16:19:46,10,0,4,8,0,3,0,74,18,0,0,11525,16441,38,739,3,2.70,1.92,1.50,3,1,8077036,5700492,2376544,0,197444,3603024,399580,393792,1416664,8192,7418048,18656,0,0,0,0,0,24820,0,0,2485332,0,5170,12428,0,0,0,0,169360,18537,18134,19317,20369,0,0,0,0,0
20210602,16:19:51,10,0,3,8,0,3,0,76,17,0,0,9473,13918,14,739,1,2.57,1.90,1.50,1,0,8077036,5730308,2346728,0,197444,3635212,399632,393796,1417776,8192,7417916,18656,0,0,0,0,0,58284,0,0,2517388,0,5018,3993,0,0,0,0,169180,13358,9877,14677,9844,0,1,0,0,0
20210602,16:19:56,9,0,4,10,0,3,0,73,17,0,0,10004,16701,43,739,3,3.00,2.00,1.54,6,0,8077036,5738148,2338888,0,197444,3636436,399648,393800,1423116,8192,7422852,18656,0,0,0,0,0,61844,0,0,2518712,0,6497,12994,0,0,0,0,169180,11800,12525,10777,13051,0,0,0,0,0
20210602,16:20:01,10,0,3,8,0,4,0,75,17,0,0,10861,14152,15,742,0,3.16,2.05,1.55,0,1,8077036,5755592,2321444,0,197444,3648812,400004,393808,1429408,8192,7458600,18656,0,0,0,0,0,10024,0,0,2530912,0,5047,4525,0,0,0,0,169416,16226,22621,13719,27353,0,1,0,0,0
20210602,16:20:06,10,0,5,10,0,3,0,72,18,0,0,9478,15920,35,742,7,3.23,2.08,1.57,3,0,8077036,5767568,2309468,0,197444,3645652,400064,393808,1440544,8192,7466008,18656,0,0,0,0,0,23028,0,0,2533504,0,5750,12694,0,0,0,0,169436,10560,9124,10556,9002,0,0,0,0,0
20210602,16:20:11,10,0,4,10,0,3,0,73,17,0,0,11540,14819,15,742,0,3.05,2.07,1.56,0,0,8077036,5790876,2286160,0,197444,3669856,400008,393816,1441200,8192,7467748,18656,0,0,0,0,0,53268,0,0,2557528,0,5306,4055,0,0,0,0,169328,17517,14638,18749,15314,0,1,0,0,0
20210602,16:20:16,10,0,5,8,0,4,0,73,19,0,0,11910,15934,35,742,1,2.89,2.05,1.56,1,0,8077036,5812776,2264260,0,197444,3694484,400312,393816,1439472,8192,7462672,18656,0,0,0,0,0,18468,0,0,2582132,0,6078,12150,0,0,0,0,169420,17916,20428,16776,24449,0,0,0,0,0
20210602,16:20:21,8,0,4,11,0,4,0,73,16,0,0,11265,14987,14,742,0,2.66,2.01,1.55,0,0,8077036,5816240,2260796,0,197444,3696768,400280,393844,1440164,8192,7464116,18656,0,0,0,0,0,24772,0,0,2578948,0,7038,4081,0,0,0,0,169408,16997,17029,17966,19207,0,1,0,0,0
20210602,16:20:26,10,0,4,9,0,4,0,73,18,0,0,10518,16843,43,742,4,2.68,2.03,1.56,2,0,8077036,5827416,2249620,0,197444,3706600,400244,393844,1440560,8192,7468492,18656,0,0,0,0,0,41272,0,0,2588780,0,6108,12961,0,0,0,0,169444,14638,13241,15034,13786,0,0,0,0,0
20210602,16:20:31,9,0,3,8,0,3,0,77,15,0,0,9611,14311,17,741,0,2.47,2.00,1.55,0,0,8077036,5832432,2244604,0,197444,3718776,400028,393844,1433616,8192,7450700,18656,0,0,0,0,0,52948,0,0,2600960,0,4966,4455,0,0,0,0,169360,11365,11070,10968,11768,0,1,0,0,0
20210602,16:20:36,10,0,5,10,0,4,0,71,19,0,0,12278,16045,34,741,1,2.51,2.01,1.56,2,1,8077036,5858640,2218396,0,197444,3743380,400208,393844,1435336,8192,7450408,18656,0,0,0,0,0,14556,0,0,2625580,0,6861,11910,0,0,0,0,169384,16535,19939,14514,23943,0,0,0,0,0
20210602,16:20:41,9,0,4,10,0,3,0,75,16,0,0,9478,14356,15,741,0,2.47,2.01,1.56,0,0,8077036,5863308,2213728,0,197444,3749040,400160,393844,1434492,8192,7454012,18656,0,0,0,0,0,19708,0,0,2631236,0,5892,4019,0,0,0,0,169360,10052,10003,9728,10571,0,1,0,0,0
20210602,16:20:46,8,0,4,7,0,3,0,78,16,0,0,9891,14988,35,741,2,2.27,1.98,1.55,2,1,8077036,5871368,2205668,0,197444,3755800,400064,393844,1435920,8192,7454152,18656,0,0,0,0,0,26852,0,0,2637992,0,4550,11929,0,0,0,0,169208,13743,14596,12019,15678,0,0,0,0,0
20210602,16:20:51,10,0,3,11,0,5,0,72,17,0,0,11497,15183,14,741,0,2.41,2.01,1.57,0,0,8077036,5875888,2201148,0,197444,3758096,400088,393844,1437680,8192,7458448,18656,0,0,0,0,0,38124,0,0,2640288,0,6698,4065,0,0,0,0,169192,19081,18397,19195,18955,0,1,0,0,0
20210602,16:20:56,9,0,5,8,0,3,0,75,17,0,0,10741,16028,43,741,1,2.22,1.98,1.56,0,1,8077036,5880444,2196592,0,197444,3761692,399996,393808,1439884,8192,7452796,18656,0,0,0,0,0,6468,0,0,2649148,0,5590,12775,0,0,0,0,169124,15972,19707,13952,23761,0,0,0,0,0
20210602,16:21:01,9,0,4,10,0,3,0,74,16,0,0,9486,14717,15,741,0,2.36,2.01,1.57,0,1,8077036,5891052,2185984,0,197444,3771612,400360,393852,1440004,8192,7458832,18656,0,0,0,0,0,18764,0,0,2659480,0,5808,3941,0,0,0,0,169240,10920,9202,11538,8923,0,1,0,0,0
20210602,16:21:06,10,0,4,9,0,4,0,73,18,0,0,10662,16464,33,740,1,2.33,2.01,1.57,5,0,8077036,5900288,2176748,0,197444,3787952,400232,393812,1433384,8192,7444972,18632,0,0,0,0,0,39284,0,0,2673748,0,6730,11950,0,0,0,0,169020,13594,13327,13223,14395,0,0,0,0,0
20210602,16:21:11,9,0,4,7,0,3,0,76,17,0,0,10330,14278,14,740,0,2.22,2.00,1.57,0,0,8077036,5901076,2175960,0,197444,3789232,400272,393904,1432324,8192,7441048,18664,0,0,0,0,0,48052,0,0,2675036,0,4945,3961,0,0,0,0,169072,16973,15820,16748,16084,0,1,0,0,0
20210602,16:21:16,10,0,4,7,0,4,0,75,18,0,0,11168,16258,36,746,1,2.29,2.01,1.58,1,1,8077036,5909900,2167136,0,197444,3793540,400524,413464,1436904,8192,7544988,18656,0,0,0,0,0,11576,0,0,2679404,0,5341,12125,0,0,0,0,169164,16455,20318,15157,23658,0,0,0,0,0
20210602,16:21:21,10,0,3,11,0,4,0,72,17,0,0,9828,14961,13,740,0,2.50,2.06,1.60,0,1,8077036,5917912,2159124,0,197444,3807024,400560,393860,1431660,8192,7445220,18656,0,0,0,0,0,24580,0,0,2692880,0,6944,3599,0,0,0,0,169128,11570,10561,11821,10872,0,1,0,0,0
20210602,16:21:26,9,0,5,9,0,4,0,73,17,0,0,11695,16774,42,740,0,2.46,2.06,1.60,0,1,8077036,5920980,2156056,0,197444,3809528,400616,393860,1432596,8192,7443396,18656,0,0,0,0,0,42832,0,0,2695364,0,5422,12737,0,0,0,0,169176,18104,16548,19794,17763,0,0,0,0,0
20210602,16:21:31,9,0,4,11,0,4,0,72,17,0,0,10791,14602,17,740,0,2.27,2.03,1.59,0,0,8077036,5936224,2140812,0,197444,3823100,400724,393864,1434360,8192,7445412,18656,0,0,0,0,0,56460,0,0,2708952,0,7059,4367,0,0,0,0,169208,15837,14041,16539,14439,0,1,0,0,0
20210602,16:21:36,11,0,4,10,0,4,0,71,19,0,0,12778,16567,34,740,3,2.08,1.99,1.58,1,0,8077036,5961648,2115388,0,197444,3845264,400916,393868,1434228,8192,7447008,18656,0,0,0,0,0,28604,0,0,2727252,0,6165,11675,0,0,0,0,169284,21914,24653,20458,29049,0,0,0,0,0
20210602,16:21:41,9,0,4,8,0,3,0,76,15,0,0,9199,13920,15,740,0,1.92,1.96,1.57,0,0,8077036,5969008,2108028,0,197444,3855976,401132,393868,1433368,8192,7447204,18656,0,0,0,0,0,41832,0,0,2737960,0,6287,4020,0,0,0,0,169384,12478,11008,12924,10863,0,1,0,0,0
20210602,16:21:46,11,0,5,9,0,3,0,73,19,0,0,10088,16367,35,736,0,1.92,1.96,1.57,0,1,8077036,5945976,2131060,0,197444,3871088,400336,393868,1396508,8192,7379828,18656,0,0,0,0,0,62084,0,0,2756972,0,5620,12688,0,0,0,0,168508,14654,12689,15467,12944,0,0,0,0,0
20210602,16:21:51,8,0,4,8,0,3,0,77,15,0,0,9648,14506,19,739,0,1.77,1.93,1.57,0,2,8077036,5972544,2104492,0,197444,3881624,400736,393868,1411600,8192,7415612,18656,0,0,0,0,0,13300,0,0,2767488,0,5682,5829,0,0,0,0,168864,13823,18281,12057,22429,0,1,0,0,0
20210602,16:21:56,14,0,5,11,0,4,0,66,23,0,0,12655,17521,44,738,0,1.71,1.91,1.56,0,1,8077036,6004908,2072128,0,197444,3916588,400664,393872,1409296,8192,7404804,18656,0,0,0,0,0,48032,0,0,2798584,0,7139,19889,0,0,0,0,168712,20412,16919,21588,17500,0,0,0,0,0
20210602,16:22:01,16,0,4,8,0,4,0,69,23,0,0,10522,13468,15,738,1,1.89,1.95,1.58,1,1,8077036,6068256,2008780,0,197444,3913336,400720,393876,1475240,8192,7472856,18656,0,0,0,0,0,52476,0,0,2795340,0,5055,23880,0,0,0,0,168748,15409,15612,15705,17313,0,1,0,0,0
20210602,16:22:06,16,0,4,10,0,4,0,66,24,0,0,12054,16322,34,738,0,1.74,1.91,1.57,3,1,8077036,6004076,2072960,0,197444,3914304,400528,393880,1410932,8192,7407056,18656,0,0,0,0,0,11816,0,0,2796292,0,6678,28207,0,0,0,0,168596,18858,23793,16826,28664,0,0,0,0,0
20210602,16:22:11,23,0,4,8,0,4,0,62,30,0,0,10413,14529,15,737,1,1.84,1.93,1.57,1,1,8077036,6081872,1995164,0,197444,3926732,400604,393880,1475660,8192,7473044,18656,0,0,0,0,0,26248,0,0,2808700,0,5596,40219,0,0,0,0,168576,15870,15413,16102,16784,0,1,0,0,0
20210602,16:22:16,22,0,5,8,0,3,0,62,30,0,0,9964,15411,35,731,3,1.85,1.93,1.58,3,1,8077036,6079060,1997976,0,197444,3934356,400696,393900,1464540,8192,7484368,18656,0,0,0,0,0,34304,0,0,2816104,10,5291,44476,0,0,0,0,168772,11017,10360,11126,10372,0,0,0,0,0
20210602,16:22:21,27,0,4,10,0,4,0,54,36,0,0,11938,14638,14,731,1,1.70,1.90,1.57,1,1,8077036,6111140,1965896,0,197444,3950952,400784,393908,1480464,8192,7484252,18656,0,0,0,0,0,7256,0,0,2832852,0,6662,44257,0,0,0,0,168760,20942,23833,19284,27841,0,1,0,0,0
20210602,16:22:26,27,0,6,8,0,3,0,56,36,0,0,9946,15696,45,726,1,1.65,1.89,1.56,1,1,8077036,6110232,1966804,0,197444,3950572,400876,393908,1481300,8192,7485752,18656,0,0,0,0,0,14944,0,0,2838096,0,5876,52235,0,0,0,0,168792,12461,12198,12108,12701,0,0,0,0,0
20210602,16:22:31,24,0,4,9,0,3,0,60,31,0,0,9646,13776,17,725,0,1.52,1.85,1.56,0,1,8077036,6048624,2028412,0,197444,3950468,400976,393908,1418760,8192,7423148,18656,0,0,0,0,0,21132,0,0,2832364,0,5442,40536,0,0,0,0,168836,13745,13846,13378,14228,0,1,0,0,0
20210602,16:22:36,18,0,6,9,0,3,0,64,27,0,0,10696,15634,35,725,1,1.47,1.84,1.55,1,0,8077036,6081268,1995768,0,197444,3942184,401060,393908,1459520,8192,7495104,18656,0,0,0,0,0,1440,0,0,2824060,0,6179,33522,0,0,0,0,168848,12931,15814,11162,18282,0,0,0,0,0
20210602,16:22:41,20,0,3,9,0,4,0,64,27,0,0,10746,14056,14,718,2,1.60,1.86,1.56,2,1,8077036,6116564,1960472,0,197444,3939848,401088,393908,1495932,8192,7560388,18656,0,0,0,0,0,8548,0,0,2821740,0,6221,32000,0,0,0,0,168872,17544,17772,17755,19141,0,1,0,0,0
20210602,16:22:46,18,0,4,8,0,4,0,66,26,0,0,10103,16296,42,718,2,1.79,1.89,1.57,2,1,8077036,6052852,2024184,0,197444,3950180,401184,393916,1422920,8192,7428412,18656,0,0,0,0,0,18328,0,0,2831896,0,5103,35394,0,0,0,0,168752,12042,11846,12375,12571,0,0,0,0,0
20210602,16:22:51,13,0,4,12,0,4,0,67,21,0,0,10076,15543,17,717,0,1.81,1.90,1.58,0,0,8077036,6035284,2041752,0,197444,3939396,401108,393916,1415824,8192,7411464,18656,0,0,0,0,0,22596,0,0,2825148,0,7636,14347,0,0,0,0,168680,12457,12401,11800,13091,0,1,0,0,0
20210602,16:22:56,14,0,5,9,0,4,0,68,23,0,0,11069,15759,35,717,0,1.98,1.93,1.59,0,1,8077036,6036436,2040600,0,197444,3940356,401196,393916,1417740,8192,7411460,18656,0,0,0,0,0,13780,0,0,2826088,0,6610,25007,0,0,0,0,168752,15827,17291,15448,20270,0,0,0,0,0
20210602,16:23:01,10,0,3,5,0,4,0,78,17,0,0,7663,11581,14,717,0,2.14,1.97,1.60,0,0,8077036,6032020,2045016,0,197444,3945544,400880,393916,1410940,8192,7397948,18656,0,0,0,0,0,25660,0,0,2831204,0,3393,13891,0,0,0,0,168432,9887,9400,9613,9662,0,1,0,0,0
20210602,16:23:06,15,0,4,9,0,4,0,68,23,0,0,10305,15424,36,713,0,2.53,2.05,1.63,0,1,8077036,6004476,2072560,0,197444,3941672,400460,393916,1385424,8192,7337076,18656,0,0,0,0,0,25720,0,0,2833012,0,5303,22519,0,0,0,0,167892,17756,18093,17215,19446,0,0,0,0,0
20210602,16:23:11,8,0,3,6,0,3,0,80,14,0,0,8597,13162,14,713,0,2.49,2.05,1.63,0,3,8077036,6008088,2068948,0,197444,3948608,400416,393920,1383452,8192,7334788,18656,0,0,0,0,0,31108,0,0,2835940,0,3873,7176,0,0,0,0,167788,10056,9629,9868,9823,0,1,0,0,0
20210602,16:23:16,9,0,5,9,0,4,0,73,18,0,0,10244,15891,43,714,1,2.37,2.03,1.63,0,0,8077036,6005952,2071084,0,197444,3941800,400312,393920,1387828,8192,7346872,18656,0,0,0,0,0,1076,0,0,2829380,0,5514,16530,0,0,0,0,167644,12349,15684,10789,18305,0,0,0,0,0
20210602,16:23:21,8,0,3,8,0,3,0,77,15,0,0,9889,13824,14,714,1,2.18,2.00,1.62,1,1,8077036,6012904,2064132,0,197444,3946648,400304,393924,1387996,8192,7347960,18656,0,0,0,0,0,4768,0,0,2828584,0,5690,4092,0,0,0,0,167644,14336,14625,14596,16120,0,1,0,0,0
20210602,16:23:26,9,0,4,10,0,4,0,73,17,0,0,11344,16552,34,714,0,2.17,2.00,1.62,0,0,8077036,6020668,2056368,0,197444,3955356,400516,393924,1388636,8192,7348548,18656,0,0,0,0,0,20476,0,0,2837220,0,5872,11794,0,0,0,0,167684,17227,16273,17762,17676,0,1,0,0,0
20210602,16:23:31,8,0,3,8,0,3,0,78,14,0,0,9426,13531,17,714,0,1.99,1.97,1.62,0,0,8077036,6025620,2051416,0,197444,3958936,400400,393924,1388708,8192,7348044,18656,0,0,0,0,0,28480,0,0,2840772,0,5783,4320,0,0,0,0,167620,11809,12252,11062,12917,0,1,0,0,0
20210602,16:23:36,8,0,4,8,0,4,0,76,16,0,0,11079,15161,34,714,0,1.99,1.97,1.62,1,0,8077036,6028328,2048708,0,197444,3961600,400404,393924,1389848,8192,7348940,18656,0,0,0,0,0,1956,0,0,2843436,0,5287,11736,0,0,0,0,167600,16525,20008,16336,23678,0,0,0,0,0
20210602,16:23:41,6,0,3,7,0,3,0,82,12,0,0,7396,12516,14,714,0,1.83,1.93,1.61,0,0,8077036,6016596,2060440,0,197444,3959452,400312,393924,1380672,8192,7331440,18656,0,0,0,0,0,3988,0,0,2841292,0,4186,4091,0,0,0,0,167496,5972,6779,5140,7549,0,1,0,0,0
20210602,16:23:46,10,0,5,12,0,4,0,70,18,0,0,10576,17467,42,713,0,1.85,1.93,1.61,0,1,8077036,6024432,2052604,0,197444,3967224,400184,393924,1380748,8192,7333136,18656,0,0,0,0,0,12332,0,0,2849088,0,7823,12804,0,0,0,0,167516,12530,12279,12655,13008,0,0,0,0,0
20210602,16:23:51,8,0,3,9,0,4,0,75,15,0,0,9630,14214,14,714,1,1.78,1.92,1.61,1,0,8077036,6026216,2050820,0,197444,3967592,400296,393924,1381808,8192,7341836,18656,0,0,0,0,0,14324,0,0,2849428,0,5830,4106,0,0,0,0,167560,12201,11891,12291,12448,0,1,0,0,0
20210602,16:23:56,7,0,4,5,0,3,0,81,14,0,0,8795,14112,34,714,0,1.72,1.90,1.60,0,0,8077036,6032524,2044512,0,197444,3968140,400236,393924,1386328,8192,7346516,18656,0,0,0,0,0,1504,0,0,2849976,0,3998,12196,0,0,0,0,167488,10654,12563,9371,14003,0,1,0,0,0
20210602,16:24:01,9,0,3,8,0,4,0,75,17,0,0,10736,14004,14,714,1,1.74,1.91,1.61,1,0,8077036,6039692,2037344,0,197444,3975224,400172,393932,1387548,8192,7348064,18656,0,0,0,0,0,18544,0,0,2857060,0,4864,4038,0,0,0,0,167456,16802,16145,16786,17465,0,1,0,0,0
20210602,16:24:06,8,0,4,8,0,3,0,77,15,0,0,10037,15589,35,714,1,1.60,1.87,1.60,0,1,8077036,6042448,2034588,0,197444,3977232,400356,393932,1388888,8192,7350368,18656,0,0,0,0,0,29724,0,0,2868552,0,5389,11836,0,0,0,0,167488,14428,13267,15312,13901,0,0,0,0,0
20210602,16:24:11,8,0,4,10,0,4,0,75,16,0,0,10507,14832,14,714,1,1.55,1.86,1.59,2,0,8077036,6045084,2031952,0,197444,3980100,400396,393932,1388940,8192,7350628,18656,0,0,0,0,0,2288,0,0,2871416,0,6737,3969,0,0,0,0,167556,15119,17990,13999,20321,0,1,0,0,0
20210602,16:24:16,10,0,4,8,0,4,0,74,18,0,0,10618,16047,43,714,2,1.43,1.83,1.59,1,1,8077036,6050652,2026384,0,197444,3985928,400496,393936,1387956,8192,7348196,18656,0,0,0,0,0,9584,0,0,2878012,0,5388,16115,0,0,0,0,167608,12972,12275,13889,13133,0,0,0,0,0
20210602,16:24:21,8,0,4,10,0,3,0,75,15,0,0,9816,14771,14,714,6,1.31,1.80,1.58,1,2,8077036,6065536,2011500,0,197444,4001812,400680,393940,1386976,8192,7348772,18656,0,0,0,0,0,17708,0,0,2893180,0,6214,4032,0,0,0,0,167624,11652,10676,11952,11292,0,1,0,0,0
20210602,16:24:26,8,0,5,8,0,4,0,75,17,0,0,11224,15724,37,714,0,1.61,1.85,1.60,0,0,8077036,6067916,2009120,0,197444,4003556,400808,393940,1388236,8192,7346988,18656,0,0,0,0,0,804,0,0,2891028,0,5812,12180,0,0,0,0,167652,17567,19926,17102,23094,0,0,0,0,0
20210602,16:24:31,9,0,4,10,0,4,0,73,17,0,0,10673,13994,18,714,1,1.56,1.84,1.59,1,0,8077036,6084884,1992152,0,197444,4019072,400844,393940,1388268,8192,7348752,18656,0,0,0,0,0,19192,0,0,2906556,0,6119,4351,0,0,0,0,167628,16421,14494,17319,14929,0,1,0,0,0
20210602,16:24:36,9,0,4,11,0,4,0,71,18,0,0,11072,16249,34,714,1,1.67,1.86,1.60,0,1,8077036,6097300,1979736,0,197444,4030968,400728,393940,1389920,8192,7350800,18656,0,0,0,0,0,30488,0,0,2912896,0,6946,11753,0,0,0,0,167356,15015,14117,15761,14975,0,0,0,0,0
20210602,16:24:41,9,0,4,11,0,4,0,71,18,0,0,10626,14450,15,714,0,1.86,1.89,1.61,0,1,8077036,6115420,1961616,0,197444,4049096,400860,393940,1389536,8192,7349144,18656,0,0,0,0,0,48356,0,0,2931008,0,7206,3977,0,0,0,0,167324,14599,12419,16553,13424,0,1,0,0,0
20210602,16:24:46,7,0,4,6,0,2,0,82,13,0,0,8069,15096,42,714,0,1.95,1.91,1.62,0,0,8077036,6116328,1960708,0,197444,4049948,400888,393940,1389416,8192,7350808,18656,0,0,0,0,0,1744,0,0,2931816,0,3947,12780,0,0,0,0,167332,5748,11001,3121,14276,0,0,0,0,0
20210602,16:24:51,10,0,4,12,0,4,0,70,18,0,0,10209,15418,15,713,1,1.96,1.91,1.62,1,1,8077036,6119712,1957324,0,197444,4059488,400864,393940,1383240,8192,7333700,18656,0,0,0,0,0,10988,0,0,2941320,0,7814,4297,0,0,0,0,167268,15138,14352,15286,14685,0,1,0,0,0
20210602,16:24:56,8,0,4,8,0,4,0,77,16,0,0,10751,15470,34,713,1,1.96,1.91,1.63,1,1,8077036,6138496,1938540,0,197444,4076940,401024,393940,1384240,8192,7334848,18656,0,0,0,0,0,29644,0,0,2958872,0,3941,11770,0,0,0,0,167200,15454,14070,16474,15308,0,0,0,0,0
20210602,16:25:01,8,0,3,9,0,3,0,77,14,0,0,8803,13083,15,713,1,1.80,1.88,1.62,2,0,8077036,6150496,1926540,0,197444,4088076,401260,393940,1384156,8192,7335244,18656,0,0,0,0,0,39924,0,0,2969892,0,5274,3902,0,0,0,0,167296,10914,9795,10990,9873,0,1,0,0,0
20210602,16:25:06,10,0,4,10,0,4,0,71,18,0,0,11951,16549,34,713,2,1.90,1.90,1.62,1,2,8077036,6183944,1893092,0,197444,4120428,401300,393940,1385880,8192,7337552,18656,0,0,0,0,0,33436,0,0,3002244,0,6922,11843,0,0,0,0,167328,17967,18807,17952,22276,0,0,0,0,0
20210602,16:25:11,7,0,3,7,0,3,0,79,14,0,0,9814,13182,14,713,0,1.83,1.89,1.62,0,0,8077036,6169580,1907456,0,197444,4108784,401176,393944,1383840,8192,7333388,18656,0,0,0,0,0,28452,0,0,2994444,0,5122,4025,0,0,0,0,167292,13479,15000,12188,16532,0,1,0,0,0
20210602,16:25:16,9,0,4,8,0,3,0,75,17,0,0,10118,15975,43,713,0,1.68,1.85,1.61,1,1,8077036,6180932,1896104,0,197444,4120820,401044,393944,1383804,8192,7337296,18656,0,0,0,0,0,40168,0,0,3006476,0,5046,12713,0,0,0,0,167260,12143,11270,12490,11940,0,0,0,0,0
20210602,16:25:21,9,0,4,9,0,4,0,75,16,0,0,10905,14118,15,713,0,1.63,1.84,1.61,0,1,8077036,6182164,1894872,0,197444,4125820,401196,393948,1378836,8192,7334988,18656,0,0,0,0,0,46444,0,0,3017872,0,6558,4031,0,0,0,0,167332,16424,16643,16543,18492,0,1,0,0,0
20210602,16:25:26,8,0,4,9,0,4,0,75,16,0,0,11222,15678,34,713,3,1.50,1.81,1.60,0,0,8077036,6184212,1892824,0,197444,4126684,401280,393948,1379288,8192,7335436,18656,0,0,0,0,0,2184,0,0,3014088,0,4767,11682,0,0,0,0,167344,18534,23842,15839,28398,0,0,0,0,0
20210602,16:25:31,8,0,4,8,0,3,0,77,15,0,0,9300,13854,16,713,0,1.38,1.78,1.59,0,0,8077036,6182896,1894140,0,197444,4126068,401312,394116,1379420,8192,7334028,18656,0,0,0,0,0,7204,0,0,3007852,0,5079,4375,0,0,0,0,167320,12196,12503,11747,13258,0,1,0,0,0
20210602,16:25:36,9,0,4,12,0,4,0,71,17,0,0,10989,16336,34,719,4,1.51,1.80,1.60,1,0,8077036,6199944,1877092,0,197444,4138432,401460,399116,1384348,8192,7483496,18656,0,0,0,0,0,21932,0,0,3020000,0,7114,11736,0,0,0,0,167516,16166,15550,16581,17098,0,0,0,0,0
20210602,16:25:41,10,0,4,12,0,4,0,71,17,0,0,10729,14874,13,713,0,1.55,1.80,1.60,0,1,8077036,6200312,1876724,0,197444,4143052,401284,393956,1379772,8192,7341992,18656,0,0,0,0,0,35252,0,0,3024908,0,7504,3725,0,0,0,0,167360,14722,13407,15435,14020,0,1,0,0,0
20210602,16:25:46,9,0,4,7,0,4,0,76,17,0,0,11082,15457,42,713,0,1.50,1.79,1.60,0,1,8077036,6218896,1858140,0,197444,4162292,401360,393956,1378668,8192,7337228,18656,0,0,0,0,0,11684,0,0,3044164,0,5125,12690,0,0,0,0,167412,17725,20488,16150,23685,0,0,0,0,0
20210602,16:25:51,8,0,3,9,0,3,0,77,14,0,0,9654,14150,14,713,0,1.46,1.77,1.60,0,0,8077036,6228928,1848108,0,197444,4173396,401456,393956,1378672,8192,7335504,18656,0,0,0,0,0,22356,0,0,3055260,0,5729,3930,0,0,0,0,167420,12251,11941,12628,12920,0,1,0,0,0
20210602,16:25:56,9,0,4,10,0,4,0,72,18,0,0,11192,16087,33,713,0,1.50,1.78,1.60,0,1,8077036,6242220,1834816,0,197444,4184268,401444,393956,1379572,8192,7335184,18656,0,0,0,0,0,33084,0,0,3066100,0,6942,11755,0,0,0,0,167344,14866,13360,15728,13664,0,0,0,0,0
20210602,16:26:01,9,0,3,9,0,4,0,75,15,0,0,11604,14640,17,713,2,1.70,1.82,1.61,3,0,8077036,6250632,1826404,0,197444,4194856,401524,393956,1379732,8192,7335504,18656,0,0,0,0,0,816,0,0,3076696,0,5946,4241,0,0,0,0,167340,19353,23115,17550,27027,0,1,0,0,0
20210602,16:26:06,11,0,5,11,0,4,0,69,20,0,0,12368,16892,34,713,2,1.57,1.79,1.60,2,1,8077036,6279360,1797676,0,197444,4220288,401660,393964,1381624,8192,7337552,18656,0,0,0,0,0,29428,0,0,3101892,0,7270,11832,0,0,0,0,167436,19862,17545,21290,18534,0,0,0,0,0
20210602,16:26:11,9,0,3,7,0,4,0,77,16,0,0,10512,13863,16,713,0,1.44,1.76,1.59,0,1,8077036,6292964,1784072,0,197444,4232312,401804,393972,1381848,8192,7337360,18656,0,0,0,0,0,55160,0,0,3114212,0,4700,4203,0,0,0,0,167392,18288,16191,18547,16518,0,1,0,0,0
20210602,16:26:16,9,0,5,8,0,3,0,76,16,0,0,10301,15754,43,713,0,1.49,1.76,1.60,0,0,8077036,6296880,1780156,0,197444,4239820,401548,393976,1378952,8192,7337616,18656,0,0,0,0,0,62232,0,0,3121644,0,5242,12721,0,0,0,0,167108,15180,14354,15928,15282,0,0,0,0,0
20210602,16:26:21,8,0,3,8,0,4,0,76,16,0,0,11299,13666,15,713,1,1.37,1.73,1.59,1,0,8077036,6300296,1776740,0,197444,4242516,401624,393980,1379824,8192,7335312,18656,0,0,0,0,0,8432,0,0,3128184,0,5950,4017,0,0,0,0,167172,17629,22907,16502,28176,0,1,0,0,0
20210602,16:26:26,9,0,4,8,0,3,0,77,16,0,0,9954,15184,34,713,0,1.26,1.70,1.58,0,1,8077036,6312088,1764948,0,197444,4252976,401732,393980,1379812,8192,7334736,18656,0,0,0,0,0,23880,0,0,3145012,0,5819,11764,0,0,0,0,167208,13580,11651,14838,11932,0,0,0,0,0
20210602,16:26:31,8,0,3,10,0,4,0,75,15,0,0,10504,14526,17,713,0,1.24,1.69,1.57,0,1,8077036,6315236,1761800,0,197444,4259108,401904,394940,1378048,8192,7335124,18656,0,0,0,0,0,27248,0,0,3150252,0,6287,4372,0,0,0,0,167328,14757,14515,15715,16351,0,1,0,0,0
20210602,16:26:36,9,0,4,10,0,4,0,73,17,0,0,11447,15574,34,714,0,1.30,1.70,1.58,0,1,8077036,6331492,1745544,0,197444,4272632,402104,394940,1379324,8192,7347932,18656,0,0,0,0,0,35304,0,0,3159896,0,5566,11739,0,0,0,0,167432,20705,20216,21035,21350,0,0,0,0,0
20210602,16:26:41,8,0,3,8,0,4,0,76,16,0,0,9778,14000,14,714,0,1.19,1.67,1.57,0,1,8077036,6336788,1740248,0,197444,4272560,402072,394940,1384776,8192,7349396,18656,0,0,0,0,0,13036,0,0,3153448,0,5104,4496,0,0,0,0,167364,12735,15270,10977,18113,0,1,0,0,0
20210602,16:26:46,9,0,4,7,0,4,0,76,17,0,0,11009,15288,43,714,0,1.10,1.64,1.56,0,0,8077036,6350120,1726916,0,197444,4285440,402124,394940,1383644,8192,7345040,18656,0,0,0,0,0,24256,0,0,3166316,0,4962,12677,0,0,0,0,167284,18718,17697,19451,18742,0,0,0,0,0
20210602,16:26:51,9,0,4,12,0,4,0,72,17,0,0,10746,15105,15,714,0,1.01,1.61,1.55,0,0,8077036,6352472,1724564,0,197444,4287172,402292,394944,1384980,8192,7348684,18656,0,0,0,0,0,30504,0,0,3168064,0,7541,4407,0,0,0,0,167388,15216,14953,15134,14872,0,1,0,0,0
20210602,16:26:56,8,0,4,9,0,4,0,75,16,0,0,10414,15424,34,714,1,0.93,1.59,1.54,0,1,8077036,6352304,1724732,0,197444,4285724,402328,394944,1385044,8192,7349200,18656,0,0,0,0,0,6172,0,0,3166616,0,5880,11746,0,0,0,0,167452,12751,15544,11663,18723,0,0,0,0,0
20210602,16:27:01,8,0,4,10,0,4,0,75,15,0,0,10289,14309,14,714,0,0.85,1.56,1.53,0,0,8077036,6357000,1720036,0,197444,4289396,402452,394944,1386304,8192,7351064,18656,0,0,0,0,0,18984,0,0,3170312,0,6734,4006,0,0,0,0,167488,16009,15262,16628,16638,0,1,0,0,0
20210602,16:27:06,9,0,4,10,0,3,0,73,17,0,0,10686,16080,34,714,1,0.95,1.57,1.54,1,0,8077036,6360048,1716988,0,197444,4292012,402580,394948,1386360,8192,7351324,18656,0,0,0,0,0,26552,0,0,3172924,0,6455,11792,0,0,0,0,167600,15436,14672,15788,14647,0,0,0,0,0
20210602,16:27:11,10,0,3,10,0,3,0,73,17,0,0,10179,14880,14,714,0,1.03,1.57,1.54,0,0,8077036,6352696,1724340,0,197444,4287680,402704,394948,1385308,8192,7348844,18656,0,0,0,0,0,6304,0,0,3168604,0,6074,7348,0,0,0,0,167544,12555,15079,11103,16777,0,1,0,0,0
20210602,16:27:16,9,0,3,7,0,4,0,77,15,0,0,10850,16061,43,714,0,0.95,1.55,1.53,0,1,8077036,6356612,1720424,0,197444,4291836,402736,394948,1384372,8192,7349072,18656,0,0,0,0,0,9980,0,0,3172728,0,5213,12687,0,0,0,0,167584,17086,17855,16773,19164,0,0,0,0,0
20210602,16:27:21,16,0,4,11,0,4,0,66,23,0,0,11076,15198,14,714,1,1.03,1.56,1.53,0,2,8077036,6378164,1698872,0,197444,4311004,402664,394952,1386956,8192,7351296,18656,0,0,0,0,0,33512,0,0,3191888,0,6816,17262,0,0,0,0,167620,16806,14716,17318,15012,0,1,0,0,0
20210602,16:27:26,14,0,4,8,0,4,0,70,22,0,0,11131,15485,35,715,0,1.03,1.55,1.53,1,0,8077036,6395324,1681712,0,197444,4327976,402964,395388,1386984,8192,7362184,18656,0,0,0,0,0,3848,0,0,3208224,0,5671,25097,0,0,0,0,167776,17550,19842,16590,23684,0,0,0,0,0
20210602,16:27:31,22,0,5,11,0,4,0,58,31,0,0,11907,15521,18,715,2,1.27,1.59,1.54,2,1,8077036,6436280,1640756,0,197444,4355536,403548,397764,1399228,8192,7375776,18656,0,0,0,0,0,34736,0,0,3232768,0,6794,29236,0,0,0,0,167900,17676,15110,17795,15239,0,1,0,0,0
20210602,16:27:36,18,0,4,8,0,3,0,66,26,0,0,9535,14885,37,715,0,1.17,1.56,1.54,0,0,8077036,6426984,1650052,0,197444,4345284,403556,397768,1399316,8192,7376300,18656,0,0,0,0,0,33608,0,0,3231992,0,5415,38163,0,0,0,0,167996,10759,10996,10881,11563,0,1,0,0,0
20210602,16:27:41,18,0,4,11,0,4,0,64,26,0,0,10440,14485,15,715,1,1.15,1.55,1.53,0,0,8077036,6447864,1629172,0,197444,4366796,403604,397768,1398876,8192,7373884,18656,0,0,0,0,0,1044,0,0,3254292,0,6946,27061,0,0,0,0,167992,14981,16530,14751,19271,0,1,0,0,0
20210602,16:27:46,20,0,5,8,0,4,0,63,29,0,0,11298,15475,42,715,1,1.22,1.56,1.54,1,0,8077036,6464980,1612056,0,197444,4372196,403540,397768,1411972,8192,7439940,18656,0,0,0,0,0,4484,0,0,3259740,0,5367,43154,0,0,0,0,167924,19064,20059,19398,22490,0,0,0,0,0
20210602,16:27:51,13,0,4,5,0,2,0,75,20,0,0,7882,12125,15,714,7,1.28,1.57,1.54,7,0,8077036,6573136,1503900,0,197444,4384496,402976,395900,1507532,8192,7458296,18656,0,0,0,0,0,11124,0,0,3272028,0,3716,23360,0,0,0,0,167380,8019,7047,8465,7166,0,1,0,0,0
20210602,16:27:56,22,0,5,10,0,4,0,60,30,0,0,10533,15736,34,713,0,1.42,1.59,1.55,1,0,8077036,6452436,1624600,0,197444,4397456,403356,395728,1375376,8192,7329332,18656,0,0,0,0,0,24148,0,0,3279304,0,5410,34840,0,0,0,0,167460,16204,15996,16432,17074,0,0,0,0,0
20210602,16:28:01,14,0,4,7,0,3,0,72,21,0,0,9386,12177,11,715,6,1.31,1.56,1.54,2,1,8077036,6508576,1568460,0,197444,4412028,403468,395736,1418320,8192,7426600,18656,0,0,0,0,0,46740,0,0,3293744,0,4510,18993,0,0,0,0,167500,12916,12796,12801,14010,0,1,0,0,0
20210602,16:28:06,20,0,5,9,0,3,0,63,28,0,0,10558,15349,38,714,0,1.36,1.57,1.54,0,0,8077036,6481108,1595928,0,197444,4418236,403316,395736,1381520,8192,7347816,18656,0,0,0,0,0,9188,0,0,3300156,0,6410,37661,0,0,0,0,167440,16033,18341,14947,21641,0,0,0,0,0
20210602,16:28:11,25,0,5,9,0,3,0,57,33,0,0,10492,13809,11,712,1,1.33,1.56,1.54,4,0,8077036,6472112,1604924,0,197444,4417120,403468,395736,1374896,8192,7332220,18656,0,0,0,0,0,15244,0,0,3295144,0,5566,36348,0,0,0,0,167496,15149,15241,14995,16093,0,1,0,0,0
20210602,16:28:16,9,0,4,4,0,2,0,80,15,0,0,7395,14440,47,713,0,1.23,1.53,1.53,0,0,8077036,6468616,1608420,0,197444,4414748,403184,395736,1375148,8192,7336448,18656,0,0,0,0,0,15648,0,0,3292772,0,3446,20121,0,0,0,0,167208,5821,6341,5546,7008,0,0,0,0,0
20210602,16:28:21,37,0,12,14,0,4,0,33,53,0,0,17694,31437,115,798,0,2.89,1.87,1.64,0,1,8077036,6540908,1536128,0,197456,4431944,415336,402296,1411836,8192,8230364,18656,0,0,0,0,0,29060,0,0,3299988,956,13916,63272,8,0,0,0,176820,17007,15932,17951,16826,0,1,0,0,0
20210602,16:28:26,12,0,4,7,0,3,0,74,19,0,0,9672,16507,42,780,1,2.74,1.86,1.64,0,1,8077036,6533064,1543972,0,197456,4434620,415316,402296,1402768,8192,8200424,18656,0,0,0,0,0,14748,0,0,3302512,0,5025,20081,0,0,0,0,176780,10581,12112,9854,13452,0,0,0,0,0
20210602,16:28:31,10,0,3,9,0,3,0,75,16,0,0,9247,13724,13,781,0,2.60,1.85,1.63,0,1,8077036,6538912,1538124,0,197456,4439992,415644,402296,1402632,8192,8211372,18656,0,0,0,0,0,19092,0,0,3308004,0,5355,10198,0,0,0,0,176992,11705,12308,10972,13283,0,1,0,0,0
20210602,16:28:36,12,0,5,11,0,4,0,68,21,0,0,12147,17305,39,781,2,2.55,1.85,1.64,2,1,8077036,6619936,1457100,0,197456,4447856,415676,402296,1474584,8192,8281392,18656,0,0,0,0,0,40200,0,0,3315092,0,6187,19911,0,0,0,0,176900,18662,16185,20387,16800,0,0,0,0,0
20210602,16:28:41,13,0,4,10,0,4,0,69,21,0,0,12534,15808,22,786,0,2.51,1.85,1.64,0,1,8077036,6620260,1456776,0,197456,4490384,417040,417692,1430124,8192,8273672,18656,0,0,0,0,0,4808,0,0,3342232,0,6405,11688,0,0,0,0,177908,20087,23370,18364,28378,0,1,0,0,0
20210602,16:28:46,16,0,6,11,0,3,0,64,25,0,0,12221,19041,53,796,0,2.31,1.82,1.63,0,1,8077036,6733116,1343920,0,197456,4540952,419504,433048,1487976,8192,8411956,18656,0,0,0,0,0,39592,0,0,3377448,0,7336,24465,0,0,0,0,180012,15771,11859,17158,12103,0,0,0,0,0
20210602,16:28:51,10,0,4,9,0,3,0,74,17,0,0,9849,14916,22,801,0,2.20,1.81,1.63,0,0,8077036,6801504,1275532,0,197456,4563188,420940,433072,1530308,8192,8503552,18656,0,0,0,0,0,62892,0,0,3400228,0,6201,8356,0,0,0,0,181204,11539,9975,10864,9658,0,1,0,0,0
20210602,16:28:56,11,0,6,9,0,4,0,71,20,0,0,11983,18453,49,801,2,2.18,1.81,1.63,5,0,8077036,6812756,1264280,0,197456,4554100,421036,433076,1548224,8192,8511060,18656,0,0,0,0,0,4296,0,0,3391204,0,6480,17218,0,0,0,0,181272,13817,19971,9904,24256,0,0,0,0,0
20210602,16:29:01,9,0,4,10,0,3,0,73,16,0,0,10051,15383,19,800,1,2.01,1.78,1.62,0,0,8077036,6797292,1279744,0,197456,4559432,420632,433108,1531336,8192,8455916,18656,0,0,0,0,0,9432,0,0,3396504,0,6695,6377,0,0,0,0,180896,11663,11934,11094,12352,0,1,0,0,0
20210602,16:29:06,10,0,4,8,0,4,0,73,19,0,0,10658,16148,38,797,0,1.85,1.75,1.61,0,1,8077036,6816348,1260688,0,197456,4577548,420620,433112,1532200,8192,8453564,18656,0,0,0,0,0,30048,0,0,3414604,0,5761,13157,0,0,0,0,180736,15976,14031,16264,14202,0,0,0,0,0
20210602,16:29:11,10,0,4,8,0,4,0,74,18,0,0,11106,14431,15,795,0,1.86,1.75,1.61,0,1,8077036,6816404,1260632,0,197456,4589848,420708,433116,1519284,8192,8426212,18656,0,0,0,0,0,42188,0,0,3426940,0,5001,4919,0,0,0,0,180648,18884,17827,19813,18934,0,1,0,0,0
20210602,16:29:16,10,0,5,8,0,3,0,73,18,0,0,10858,16212,38,795,0,1.71,1.72,1.60,0,0,8077036,6829052,1247984,0,197456,4604292,420924,433116,1517948,8192,8422892,18656,0,0,0,0,0,18632,0,0,3441424,0,6333,13241,0,0,0,0,180712,16137,19210,14825,23042,0,0,0,0,0
20210602,16:29:21,11,0,3,10,0,4,0,71,18,0,0,11508,14849,10,795,2,1.73,1.73,1.61,2,0,8077036,6849280,1227756,0,197456,4619160,420996,433120,1522504,8192,8427480,18656,0,0,0,0,0,35428,0,0,3456176,0,6887,4030,0,0,0,0,180668,18239,16916,19025,17779,0,1,0,0,0
20210602,16:29:26,9,0,4,8,0,3,0,76,17,0,0,10485,16427,39,795,0,1.59,1.70,1.60,0,0,8077036,6853592,1223444,0,197456,4617660,420892,433120,1527392,8192,8432184,18656,0,0,0,0,0,40660,0,0,3454844,0,5238,13335,0,0,0,0,180604,12589,12898,12455,13909,0,0,0,0,0
20210602,16:29:31,10,0,4,10,0,4,0,73,17,0,0,10445,15580,21,795,0,1.47,1.67,1.59,0,0,8077036,6862468,1214568,0,197456,4625740,421036,433120,1528864,8192,8436776,18656,0,0,0,0,0,52720,0,0,3462924,0,6955,5453,0,0,0,0,180556,13699,13503,13451,14301,0,1,0,0,0
20210602,16:29:36,9,0,4,8,0,4,0,74,17,0,0,11744,16159,38,795,0,1.43,1.66,1.59,1,0,8077036,6866904,1210132,0,197456,4625456,421120,433120,1534460,8192,8434720,18656,0,0,0,0,0,13424,0,0,3462616,0,5985,13024,0,0,0,0,180408,18120,22674,16732,27651,0,0,0,0,0
20210602,16:29:41,9,0,4,10,0,3,0,74,16,0,0,10542,14603,10,795,0,1.31,1.63,1.58,0,2,8077036,6872516,1204520,0,197456,4618048,421180,433128,1546960,8192,8457900,18656,0,0,0,0,0,19400,0,0,3455204,0,6232,4011,0,0,0,0,180420,14752,14919,14421,16050,0,1,0,0,0
20210602,16:29:46,10,0,4,8,0,4,0,75,18,0,0,10267,16379,39,795,0,1.21,1.61,1.57,0,2,8077036,6885508,1191528,0,197456,4621464,421356,433132,1557752,8192,8476476,18656,0,0,0,0,0,29540,0,0,3458616,0,5754,13146,0,0,0,0,180548,12132,11595,12254,12046,0,0,0,0,0
20210602,16:29:51,9,0,4,10,0,3,0,74,16,0,0,10145,14267,10,795,0,1.11,1.58,1.56,0,2,8077036,6901984,1175052,0,197456,4629564,421392,433192,1566140,8192,8481036,18656,0,0,0,0,0,45184,0,0,3470664,6,6513,3657,0,0,0,0,180612,14375,13699,13876,14332,0,1,0,0,0
20210602,16:29:56,9,0,5,10,0,4,0,73,17,0,0,11121,16026,38,795,1,1.02,1.55,1.55,1,0,8077036,6935032,1142004,0,197456,4653600,421416,433192,1573224,8192,8484712,18656,0,0,0,0,0,11940,0,0,3494716,0,6763,12842,0,0,0,0,180564,15936,19610,14834,24018,0,0,0,0,0
20210602,16:30:01,10,0,4,11,0,3,0,71,18,0,0,10835,15218,19,795,2,1.26,1.59,1.56,1,1,8077036,6955012,1122024,0,197456,4669092,421816,433196,1578660,8192,8484968,18656,0,0,0,0,0,30724,0,0,3510944,0,7308,4546,0,0,0,0,180544,15133,13268,16255,13832,0,1,0,0,0
20210602,16:30:06,10,0,4,8,0,4,0,73,18,0,0,11091,16799,39,795,0,1.32,1.60,1.57,0,1,8077036,6958472,1118564,0,197456,4678276,421688,433204,1573428,8192,8476544,18656,0,0,0,0,0,43472,0,0,3516260,0,5594,12883,0,0,0,0,180528,15664,15275,15359,15792,0,0,0,0,0
20210602,16:30:11,9,0,4,11,0,4,0,73,17,0,0,10640,14844,10,794,1,1.38,1.61,1.57,1,1,8077036,6955008,1122028,0,197456,4678440,421648,433204,1570644,8192,8467408,18656,0,0,0,0,0,1632,0,0,3516376,0,7350,3264,0,0,0,0,180408,14501,19456,12231,23348,0,1,0,0,0
20210602,16:30:16,11,0,5,9,0,3,0,72,20,0,0,10246,16719,39,794,0,1.43,1.61,1.57,0,1,8077036,6962852,1114184,0,197456,4684476,421772,433208,1571848,8192,8469340,18656,0,0,0,0,0,15720,0,0,3521692,0,6359,12896,0,0,0,0,180364,12187,10880,12186,10546,0,0,0,0,0
20210602,16:30:21,9,0,4,11,0,4,0,71,17,0,0,10741,14944,10,794,0,1.31,1.59,1.56,0,1,8077036,6979276,1097760,0,197456,4700656,421788,433220,1570808,8192,8459500,18656,0,0,0,0,0,37684,0,0,3537892,0,7468,3201,0,0,0,0,180412,15505,13252,16507,13690,0,1,0,0,0
20210602,16:30:26,9,0,4,10,0,3,0,73,17,0,0,10530,16861,39,794,0,1.53,1.63,1.58,0,1,8077036,6978564,1098472,0,197456,4697728,421912,433220,1572888,8192,8469708,18656,0,0,0,0,0,42296,0,0,3535040,0,5318,12634,0,0,0,0,180460,13475,15162,11438,16777,0,0,0,0,0
20210602,16:30:31,8,0,4,9,0,4,0,75,15,0,0,10151,14742,22,795,0,1.56,1.63,1.58,0,1,8077036,6984140,1092896,0,197456,4702396,422020,433220,1574052,8192,8471444,18656,0,0,0,0,0,6332,0,0,3539716,0,6055,4700,0,0,0,0,180488,12824,16582,11843,19703,0,1,0,0,0
20210602,16:30:36,10,0,4,12,0,3,0,71,18,0,0,11386,17598,38,794,0,1.60,1.64,1.58,0,0,8077036,6989176,1087860,0,197456,4708808,422008,433228,1573544,8192,8467724,18656,0,0,0,0,0,14356,0,0,3545960,0,7356,12588,0,0,0,0,180516,15595,15407,15406,16225,0,0,0,0,0
20210602,16:30:41,9,0,3,11,0,4,0,73,16,0,0,10593,14128,10,794,1,1.63,1.65,1.58,0,1,8077036,6991724,1085312,0,197456,4714176,422152,433228,1570396,8192,8465380,18656,0,0,0,0,0,27264,0,0,3551472,0,7339,3284,0,0,0,0,180624,14412,13274,15019,13918,0,1,0,0,0
20210602,16:30:46,10,0,5,10,0,3,0,72,19,0,0,10405,17266,41,794,0,1.82,1.69,1.60,0,0,8077036,7008984,1068052,0,197456,4732900,422320,433236,1569136,8192,8459180,18656,0,0,0,0,0,46076,0,0,3570188,0,6334,12990,0,0,0,0,180612,11863,10513,12194,11032,0,0,0,0,0
20210602,16:30:51,8,0,3,8,0,3,0,78,14,0,0,9849,13545,11,794,0,1.76,1.67,1.59,0,0,8077036,7003532,1073504,0,197456,4740828,422148,433236,1556396,8192,8434592,18656,0,0,0,0,0,12008,0,0,3578104,0,5354,3666,0,0,0,0,180372,12711,16492,11376,20140,0,1,0,0,0
20210602,16:30:56,13,0,5,12,0,5,0,64,23,0,0,12661,18226,39,791,0,2.26,1.78,1.63,0,0,8077036,7023284,1053752,0,197456,4765136,422408,433236,1550484,8192,8422276,18656,0,0,0,0,0,40216,0,0,3602456,0,8342,12849,0,0,0,0,180268,22936,20102,24224,20519,0,0,0,0,0
20210602,16:31:01,8,0,3,7,0,4,0,78,15,0,0,9071,12808,19,791,0,2.40,1.82,1.64,0,1,8077036,7017648,1059388,0,197456,4758792,422488,433236,1551896,8192,8419252,18656,0,0,0,0,0,46220,0,0,3596132,0,4210,4322,0,0,0,0,180360,12306,13150,11229,14381,0,1,0,0,0
20210602,16:31:06,12,0,5,10,0,4,0,69,21,0,0,11937,17387,39,791,2,2.60,1.87,1.66,2,0,8077036,7038716,1038320,0,197456,4777364,422476,433240,1553512,8192,8422596,18656,0,0,0,0,0,15952,0,0,3614656,0,6820,12595,0,0,0,0,180296,17578,20884,15977,24783,0,0,0,0,0
20210602,16:31:11,9,0,4,10,0,3,0,73,17,0,0,9899,13777,11,791,0,2.56,1.87,1.66,0,0,8077036,7063592,1013444,0,197456,4805388,422460,433244,1549604,8192,8417956,18656,0,0,0,0,0,43592,0,0,3642656,0,6010,3221,0,0,0,0,180320,14795,11894,15465,12009,0,1,0,0,0
20210602,16:31:16,10,0,5,9,0,3,0,74,17,0,0,9588,16161,39,791,1,2.83,1.94,1.68,0,1,8077036,7074320,1002716,0,197456,4817200,422488,433244,1548492,8192,8420548,18656,0,0,0,0,0,62212,0,0,3654372,0,6129,12735,0,0,0,0,180260,10038,8644,10383,8647,0,0,0,0,0
20210602,16:31:21,10,0,4,10,0,4,0,72,18,0,0,11678,14553,10,791,0,3.17,2.03,1.71,0,0,8077036,7085120,991916,0,197456,4825248,422552,433244,1551504,8192,8420236,18656,0,0,0,0,0,7560,0,0,3662428,0,6942,3399,0,0,0,0,180268,19630,26058,16154,31535,0,1,0,0,0
20210602,16:31:26,9,0,4,10,0,4,0,73,18,0,0,10982,16814,39,791,3,3.15,2.04,1.72,3,1,8077036,7099972,977064,0,197456,4840196,422852,433252,1551592,8192,8422564,18656,0,0,0,0,0,22168,0,0,3677380,0,6434,12479,0,0,0,0,180392,14804,13813,14973,14918,0,0,0,0,0
20210602,16:31:31,9,0,4,9,0,3,0,75,16,0,0,10087,14693,22,791,2,3.06,2.04,1.72,0,1,8077036,7122556,954480,0,197456,4861188,423176,433252,1553968,8192,8422640,18656,0,0,0,0,0,44984,0,0,3698324,0,6478,4799,0,0,0,0,180496,13141,11439,14255,12247,0,1,0,0,0
20210602,16:31:36,12,0,4,11,0,5,0,68,21,0,0,12626,17546,38,791,1,3.14,2.07,1.73,0,1,8077036,7139780,937256,0,197456,4877848,423424,433256,1553960,8192,8422032,18656,0,0,0,0,0,15244,0,0,3714968,0,6413,12645,0,0,0,0,180692,19123,21522,18890,24929,0,0,0,0,0
20210602,16:31:41,6,0,3,4,0,1,0,86,10,0,0,5840,11362,10,781,0,2.88,2.04,1.72,0,0,8077036,7023932,1053104,0,197456,4872416,420704,431848,1448660,8192,8204308,18656,0,0,0,0,0,16240,0,0,3709580,0,2605,5638,0,0,0,0,177920,3177,2896,3140,2722,0,1,0,0,0
20210602,16:31:46,6,0,3,1,0,0,0,90,9,0,0,4531,12285,37,772,0,2.81,2.04,1.73,0,0,8077036,6976780,1100256,0,197456,4867740,419872,431848,1409000,8192,8114352,18656,0,0,0,0,0,16100,0,0,3704904,0,152,13276,0,0,0,0,177124,170,167,48,22,0,1,0,0,0
20210602,16:31:51,4,0,2,1,0,0,0,93,6,0,0,4130,10071,11,772,0,2.67,2.02,1.72,0,0,8077036,6965000,1112036,0,197456,4858168,419812,431848,1408996,8192,8113936,18656,0,0,0,0,0,15960,0,0,3695332,0,159,3411,0,0,0,0,177064,129,128,19,17,0,1,0,0,0
20210602,16:31:56,6,0,3,0,0,0,0,91,9,0,0,4684,12591,37,772,0,2.61,2.02,1.72,0,0,8077036,6964528,1112508,0,197456,4856604,419700,431848,1408996,8192,8113488,18656,0,0,0,0,0,15240,0,0,3693768,0,262,12431,0,0,0,0,176952,130,123,42,17,0,0,0,0,0
20210602,16:32:01,5,0,3,1,0,1,0,92,8,0,0,4230,10818,20,772,0,2.40,1.99,1.72,0,0,8077036,5627852,2449184,0,197456,3521140,417748,431936,1409044,8192,8118760,18656,0,0,0,0,0,15352,0,0,2367792,0,139,4193,0,0,0,0,176920,135,136,23,21,0,1,0,0,0
20210602,16:32:06,5,0,3,1,0,1,0,90,9,0,0,4735,12124,38,772,0,2.29,1.97,1.71,0,1,8077036,5600752,2476284,0,197456,3492912,417476,431936,1409044,8192,8114256,18656,0,0,0,0,0,288,0,0,2339564,0,113,12466,0,0,0,0,176696,658,2263,78,3182,0,0,0,0,0
20210602,16:32:11,4,0,2,1,0,0,0,93,7,0,0,4069,9896,11,772,0,2.11,1.94,1.70,0,0,8077036,5578568,2498468,0,197456,3475136,417488,431944,1404980,8192,8108140,18656,0,0,0,0,0,328,0,0,2322564,0,102,3214,0,0,0,0,176720,168,167,26,26,0,1,0,0,0
20210602,16:32:16,6,0,3,0,0,0,0,90,9,0,0,4580,12466,39,772,0,2.02,1.92,1.70,0,0,8077036,5573180,2503856,0,197456,3474064,417352,431944,1400908,8192,8108176,18656,0,0,0,0,0,348,0,0,2321484,0,118,12730,0,0,0,0,176580,159,154,46,20,0,0,0,0,0
20210602,16:32:21,4,0,2,1,0,1,0,93,7,0,0,4075,9905,11,772,1,1.86,1.89,1.69,1,0,8077036,5562680,2514356,0,197456,3466264,417348,431948,1398940,8192,8106192,18656,0,0,0,0,0,392,0,0,2313764,0,203,3183,0,0,0,0,176608,167,163,35,22,0,1,0,0,0
20210602,16:32:26,5,0,3,1,0,0,0,91,9,0,0,4549,12429,38,772,0,1.71,1.86,1.68,0,0,8077036,5558364,2518672,0,197456,3461452,417364,431948,1398944,8192,8106192,18656,0,0,0,0,0,248,0,0,2308952,0,146,12437,0,0,0,0,176656,136,126,42,18,0,0,0,0,0
20210602,16:32:31,4,0,2,0,0,0,0,93,6,0,0,3885,9951,22,772,0,1.65,1.84,1.68,0,0,8077036,5554420,2522616,0,197456,3458504,417328,431948,1398924,8192,8106192,18656,0,0,0,0,0,60,0,0,2305988,0,95,4451,0,0,0,0,176600,126,127,22,17,0,1,0,0,0
20210602,16:32:36,5,0,3,0,0,0,0,91,8,0,0,4435,12262,38,772,1,1.52,1.81,1.67,1,0,8077036,5555232,2521804,0,197456,3458528,417360,431948,1398924,8192,8101924,18656,0,0,0,0,0,236,0,0,2306012,0,86,12515,0,0,0,0,176632,127,115,41,16,0,0,0,0,0
20210602,16:32:41,4,0,2,0,0,0,0,93,7,0,0,4009,9620,10,772,0,1.48,1.80,1.66,0,0,8077036,5553460,2523576,0,197456,3458532,417308,431948,1396888,8192,8102448,18656,0,0,0,0,0,220,0,0,2306012,0,81,3141,0,0,0,0,176580,149,156,22,20,0,1,0,0,0
20210602,16:32:46,5,0,3,0,0,1,0,91,9,0,0,4659,12568,38,772,0,1.36,1.77,1.65,0,0,8077036,5549272,2527764,0,197456,3458560,417324,431948,1392812,8192,8102032,18656,0,0,0,0,0,260,0,0,2306040,0,114,12418,0,0,0,0,176596,172,160,47,22,0,0,0,0,0
